<?xml version="1.0" encoding="UTF-8"?>
<api context="/contacts" name="ContactsAPI" xmlns="http://ws.apache.org/ns/synapse">
    <resource methods="GET">
        <inSequence>
            <cache collector="false" maxMessageSize="10000" timeout="2000">
                <onCacheHit>
                    <log level="custom">
                        <property name="Fetch Contacts" value="Querying from cache..."/>
                    </log>
                    <respond/>
                </onCacheHit>
                <protocol type="HTTP">
                    <methods>*</methods>
                    <headersToExcludeInHash/>
                    <responseCodes>2[0-9][0-9]</responseCodes>
                    <enableCacheControl>false</enableCacheControl>
                    <includeAgeHeader>false</includeAgeHeader>
                    <hashGenerator>org.wso2.carbon.mediator.cache.digest.HttpRequestHashGenerator</hashGenerator>
                </protocol>
                <implementation maxSize="100"/>
            </cache>
            <log level="custom">
                <property name="Fetch Contacts" value="Querying from Salesforce..."/>
            </log>
            <salesforcerest.init>
                <accessToken></accessToken>
                <apiVersion>v44.0</apiVersion>
                <hostName>https://login.salesforce.com</hostName>
                <refreshToken></refreshToken>
                <apiUrl></apiUrl>
                <registryPath>connectors/SalesforceRest</registryPath>
            </salesforcerest.init>
            <salesforcerest.query>
                <queryString>SELECT Id, FirstName, LastName, Email, Phone from contact limit 200</queryString>
            </salesforcerest.query>
            <datamapper config="gov:datamapper/MapContacts.dmc" inputSchema="gov:datamapper/MapContacts_inputSchema.json" inputType="JSON" outputSchema="gov:datamapper/MapContacts_outputSchema.json" outputType="JSON" xsltStyleSheet="gov:datamapper/MapContacts_xsltStyleSheet.xml"/>
            <property name="RESPONSE" scope="default" type="STRING" value="true"/>
            <cache collector="true"/>
            <respond/>
        </inSequence>
        <outSequence/>
        <faultSequence/>
    </resource>
</api>
