<?xml version="1.0" encoding="UTF-8"?><artifacts>
    <artifact name="ScatterGatherFlowControl" groupId="com.example.ScatterGatherFlowControl.api" version="1.0.0" type="synapse/api" serverRole="EnterpriseServiceBus">
        <file>src/main/synapse-config/api/ScatterGatherFlowControl.xml</file>
    </artifact>
    <artifact name="aggregate_seq" groupId="com.example.ScatterGatherFlowControl.sequence" version="1.0.0" type="synapse/sequence" serverRole="EnterpriseServiceBus">
        <file>src/main/synapse-config/sequences/aggregate_seq.xml</file>
    </artifact>
</artifacts>
