<?xml version="1.0" encoding="UTF-8"?>
<api context="/person" name="RESTfulService" xmlns="http://ws.apache.org/ns/synapse">
    <resource methods="POST">
        <inSequence>
            <payloadFactory description="Mock payload data saved " media-type="json">
                <format>{
	"personId":"1",
	"message":"Person was created"
}</format>
                <args/>
            </payloadFactory>
            <respond/>
        </inSequence>
        <outSequence/>
        <faultSequence/>
    </resource>
    <resource methods="GET" uri-template="/{personId}">
        <inSequence>
            <payloadFactory description="Mock Payload Retrieve one " media-type="json">
                <format>{
   "personId”:”$1”,
   "firstname":"John",
   "lastname":"Doe",
   "address":{
      "streetAddress":"Lincoln St.",
      "city":"San Francisco",
      "state":"CA",
      "zipCode":"90401"
   },
   "age":12
}</format>
                <args>
                    <arg evaluator="xml" expression="get-property('uri.var.personId')"/>
                </args>
            </payloadFactory>
            <respond/>
        </inSequence>
        <outSequence/>
        <faultSequence/>
    </resource>
    <resource methods="GET" uri-template="/">
        <inSequence>
            <payloadFactory description="Mock Payload Retrieve all " media-type="json">
                <format>[ { "personId":"1", "firstname":"John", "lastname":"Doe",
"address":{ "streetAddress":"Lincoln St.", "city":"San Francisco",
"state":"CA", "zipCode":"90401" }, "age":12 }, { "personId":"2",
"firstname":"Peter", "lastname":"Troy", "address":{
"streetAddress":"Ron St.", "city":"Illinois", "state":"IL",
"zipCode":"60603" }, "age":14 } ]</format>
                <args/>
            </payloadFactory>
            <respond/>
        </inSequence>
        <outSequence/>
        <faultSequence/>
    </resource>
</api>
