<?xml version="1.0" encoding="UTF-8"?>
<api context="/uploadFile" name="HTTPMultiPartRequestAPI" xmlns="http://ws.apache.org/ns/synapse">
    <resource methods="GET">
        <inSequence>
            <property description="Set HTML Location" name="htmlLocation" scope="default" type="STRING" value="/{htmllocation}/uploadFile.html"/>
            <property action="remove" description="Enable Response Message Body" name="NO_ENTITY_BODY" scope="axis2"/>
            <fileconnector.read>
                <source>{$ctx:htmlLocation}</source>
                <contentType>text/html</contentType>
            </fileconnector.read>
            <property description="Engage Binary Message Formatter" name="messageType" scope="axis2" type="STRING" value="application/octet-stream"/>
            <property description="Set Response Content Type" name="ContentType" scope="axis2" type="STRING" value="text/html"/>
            <respond/>
        </inSequence>
        <outSequence/>
        <faultSequence/>
    </resource>
    <resource methods="POST" url-mapping="/payload">
        <inSequence>
            <property description="Set Destination Directory Path" name="destinationDir" scope="default" type="STRING" value="{destinationDir}"/>
            <property description="Set Variable FileName of the uploaded file" expression="//mediate/file/@filename" name="fileName" scope="default" type="STRING"/>
            <log description="Log File Content-Type" level="custom">
                <property expression="//mediate/file/@content-type" name="File Content-Type"/>
            </log>
            <fileconnector.create>
                <source>{fn:concat('file://',$ctx:destinationDir,$ctx:fileName)}</source>
                <inputContent>{//mediate/file/text()}</inputContent>
                <isBinaryContent>true</isBinaryContent>
            </fileconnector.create>
        </inSequence>
        <outSequence/>
        <faultSequence/>
    </resource>
</api>
