<?xml version="1.0" encoding="UTF-8"?>
<sequence name="databaseSequence" trace="disable" xmlns="http://ws.apache.org/ns/synapse">
    <log level="full">
        <property name="sequence" value="before-smooks"/>
    </log>
    <smooks config-key="smooks">
        <input type="text"/>
        <output type="xml"/>
    </smooks>
    <log level="full">
        <property name="sequence" value="after-smooks"/>
    </log>
    <iterate expression="//csv-set/csv-record">
        <target>
            <sequence>
                <dbreport>
                    <connection>
                        <pool>
                            <driver>com.mysql.jdbc.Driver</driver>
                            <url>jdbc:mysql://localhost:3306/InfoDB?characterEncoding=latin1</url>
                            <user> ... </user>
                            <password> ... </password>
                        </pool>
                    </connection>
                    <statement>
                        <sql><![CDATA[insert into INFO values (?, ?, ?)]]></sql>
                        <parameter expression="//csv-record/name/text()" type="VARCHAR"/>
                        <parameter expression="//csv-record/surname/text()" type="VARCHAR"/>
                        <parameter expression="//csv-record/phone/text()" type="VARCHAR"/>
                    </statement>
                </dbreport>
            </sequence>
        </target>
    </iterate>
</sequence>
