{"$schema":"http://wso2.org/json-schema/wso2-data-mapper-v5.0.0/schema#","id":"http://wso2jsonschema.org","type":"array","items":[{"id":"http://wso2jsonschema.org/0","type":"object","properties":{"name":{"id":"http://wso2jsonschema.org/0/name","type":"string"},"orderId":{"id":"http://wso2jsonschema.org/0/orderId","type":"string"},"pricePerUnit":{"id":"http://wso2jsonschema.org/0/pricePerUnit","type":"string"},"units":{"id":"http://wso2jsonschema.org/0/units","type":"string"},"totalPrice":{"id":"http://wso2jsonschema.org/0/totalPrice","type":"number"}}},{"id":"http://wso2jsonschema.org/0","type":"object","properties":{"name":{"id":"http://wso2jsonschema.org/0/name","type":"string"},"orderId":{"id":"http://wso2jsonschema.org/0/orderId","type":"string"},"pricePerUnit":{"id":"http://wso2jsonschema.org/0/pricePerUnit","type":"string"},"units":{"id":"http://wso2jsonschema.org/0/units","type":"string"},"totalPrice":{"id":"http://wso2jsonschema.org/0/totalPrice","type":"number"}}}],"title":"root"}