<?xml version="1.0" encoding="UTF-8"?><artifacts>
    <artifact name="json_to_xml_config" groupId="com.example.UploadToFtpAfterConvertingJsonToXml.resource" version="1.0.0" type="registry/resource" serverRole="EnterpriseServiceBus">
        <item>
            <file>json_to_xml_config.dmc</file>
            <path>/_system/governance/datamapper</path>
            <mediaType>text/plain</mediaType>
        </item>
    </artifact>
    <artifact name="json_to_xml_config_inputSchema" groupId="com.example.UploadToFtpAfterConvertingJsonToXml.resource" version="1.0.0" type="registry/resource" serverRole="EnterpriseServiceBus">
        <item>
            <file>json_to_xml_config_inputSchema.json</file>
            <path>/_system/governance/datamapper</path>
            <mediaType>text/plain</mediaType>
        </item>
    </artifact>
    <artifact name="json_to_xml_config_outputSchema" groupId="com.example.UploadToFtpAfterConvertingJsonToXml.resource" version="1.0.0" type="registry/resource" serverRole="EnterpriseServiceBus">
        <item>
            <file>json_to_xml_config_outputSchema.json</file>
            <path>/_system/governance/datamapper</path>
            <mediaType>text/plain</mediaType>
        </item>
    </artifact>
    <artifact name="json_to_xml_config_xsltStyleSheet" groupId="com.example.UploadToFtpAfterConvertingJsonToXml.resource" version="1.0.0" type="registry/resource" serverRole="EnterpriseServiceBus">
        <item>
            <file>json_to_xml_config_xsltStyleSheet.xml</file>
            <path>/_system/governance/datamapper</path>
            <mediaType>text/plain</mediaType>
        </item>
    </artifact>
</artifacts>
