<?xml version="1.0" encoding="UTF-8"?><artifacts>
    <artifact name="MapContacts" groupId="com.example.CacheScopeWithSalesforceContacts.resource" version="1.0.0" type="registry/resource" serverRole="EnterpriseServiceBus">
        <item>
            <file>MapContacts.dmc</file>
            <path>/_system/governance/datamapper</path>
            <mediaType>text/plain</mediaType>
        </item>
    </artifact>
    <artifact name="MapContacts_inputSchema" groupId="com.example.CacheScopeWithSalesforceContacts.resource" version="1.0.0" type="registry/resource" serverRole="EnterpriseServiceBus">
        <item>
            <file>MapContacts_inputSchema.json</file>
            <path>/_system/governance/datamapper</path>
            <mediaType>text/plain</mediaType>
        </item>
    </artifact>
    <artifact name="MapContacts_outputSchema" groupId="com.example.CacheScopeWithSalesforceContacts.resource" version="1.0.0" type="registry/resource" serverRole="EnterpriseServiceBus">
        <item>
            <file>MapContacts_outputSchema.json</file>
            <path>/_system/governance/datamapper</path>
            <mediaType>text/plain</mediaType>
        </item>
    </artifact>
    <artifact name="MapContacts_xsltStyleSheet" groupId="com.example.CacheScopeWithSalesforceContacts.resource" version="1.0.0" type="registry/resource" serverRole="EnterpriseServiceBus">
        <item>
            <file>MapContacts_xsltStyleSheet.xml</file>
            <path>/_system/governance/datamapper</path>
            <mediaType>text/plain</mediaType>
        </item>
    </artifact>
</artifacts>
