<?xml version="1.0" encoding="UTF-8" standalone="no"?><xsl:stylesheet xmlns:xsl="http://www.w3.org/1999/XSL/Transform" xmlns:firstElementOfTheInput="root" xmlns:notXSLTCompatible="false" xmlns:own="http://ownfunction.org" xmlns:xs="http://www.w3.org/2001/XMLSchema" extension-element-prefixes="xs own notXSLTCompatible firstElementOfTheInput" version="2.0"><xsl:function name="own:setPrecision"><xsl:param name="resultString"/><xsl:param name="noOfDigits"/><xsl:if test="$noOfDigits=0"><xsl:value-of select="$resultString"/></xsl:if><xsl:if test="$noOfDigits!=0"><xsl:value-of select="own:setPrecision(concat($resultString,'0'),$noOfDigits - 1)"/></xsl:if></xsl:function><xsl:template match="/"><root><xsl:for-each select="root/records"><Contacts><Id><xsl:value-of select="Id"/></Id><FirstName><xsl:value-of select="FirstName"/></FirstName><LastName><xsl:value-of select="LastName"/></LastName><Email><xsl:value-of select="Email"/></Email><Phone><xsl:value-of select="Phone"/></Phone></Contacts></xsl:for-each></root></xsl:template></xsl:stylesheet>