<?xml version="1.0" encoding="UTF-8"?><artifacts>
    <artifact name="EHRService" groupId="com.example.WSO2HealthServiceBackend.proxy-service" version="1.0.0" type="synapse/proxy-service" serverRole="EnterpriseServiceBus">
        <file>src/main/synapse-config/proxy-services/EHRService.xml</file>
    </artifact>
    <artifact name="PatientService" groupId="com.example.WSO2HealthServiceBackend.proxy-service" version="1.0.0" type="synapse/proxy-service" serverRole="EnterpriseServiceBus">
        <file>src/main/synapse-config/proxy-services/PatientService.xml</file>
    </artifact>
</artifacts>
