<?xml version="1.0" encoding="UTF-8"?><artifacts>
    <artifact name="MessageReceiveAPI" groupId="com.example.RabbitMqSampleProject.api" version="1.0.0" type="synapse/api" serverRole="EnterpriseServiceBus">
        <file>src/main/synapse-config/api/MessageReceiveAPI.xml</file>
    </artifact>
    <artifact name="RabbitMQEP" groupId="com.example.RabbitMqSampleProject.endpoint" version="1.0.0" type="synapse/endpoint" serverRole="EnterpriseServiceBus">
        <file>src/main/synapse-config/endpoints/RabbitMQEP.xml</file>
    </artifact>
</artifacts>
