<?xml version="1.0" encoding="UTF-8"?><artifacts>
    <artifact name="CSVToJSONTransformation" groupId="com.example.ImplementingAChoiceExceptionStrategy.resource" version="1.0.0" type="registry/resource" serverRole="EnterpriseServiceBus">
        <item>
            <file>CSVToJSONTransformation.dmc</file>
            <path>/_system/governance/datamapper</path>
            <mediaType>text/plain</mediaType>
        </item>
    </artifact>
    <artifact name="CSVToJSONTransformation_inputSchema" groupId="com.example.ImplementingAChoiceExceptionStrategy.resource" version="1.0.0" type="registry/resource" serverRole="EnterpriseServiceBus">
        <item>
            <file>CSVToJSONTransformation_inputSchema.json</file>
            <path>/_system/governance/datamapper</path>
            <mediaType>text/plain</mediaType>
        </item>
    </artifact>
    <artifact name="CSVToJSONTransformation_outputSchema" groupId="com.example.ImplementingAChoiceExceptionStrategy.resource" version="1.0.0" type="registry/resource" serverRole="EnterpriseServiceBus">
        <item>
            <file>CSVToJSONTransformation_outputSchema.json</file>
            <path>/_system/governance/datamapper</path>
            <mediaType>text/plain</mediaType>
        </item>
    </artifact>
    <artifact name="CSVToJSONTransformation_xsltStyleSheet" groupId="com.example.ImplementingAChoiceExceptionStrategy.resource" version="1.0.0" type="registry/resource" serverRole="EnterpriseServiceBus">
        <item>
            <file>CSVToJSONTransformation_xsltStyleSheet.xml</file>
            <path>/_system/governance/datamapper</path>
            <mediaType>text/plain</mediaType>
        </item>
    </artifact>
</artifacts>
