<?xml version="1.0" encoding="UTF-8"?>
<inboundEndpoint name="jmsMessageRollbackAndRedelivery" onError="OnErrorPropagate" protocol="jms" sequence="choice" suspend="false" xmlns="http://ws.apache.org/ns/synapse">
    <parameters>
        <parameter name="interval">1000</parameter>
        <parameter name="sequential">true</parameter>
        <parameter name="coordination">true</parameter>
        <parameter name="transport.jms.Destination">in</parameter>
        <parameter name="transport.jms.CacheLevel">3</parameter>
        <parameter name="transport.jms.ConnectionFactoryJNDIName">QueueConnectionFactory</parameter>
        <parameter name="java.naming.factory.initial">org.apache.activemq.jndi.ActiveMQInitialContextFactory</parameter>
        <parameter name="java.naming.provider.url">tcp://localhost:61616</parameter>
        <parameter name="transport.jms.SessionAcknowledgement">AUTO_ACKNOWLEDGE</parameter>
        <parameter name="transport.jms.SessionTransacted">true</parameter>
        <parameter name="transport.jms.ConnectionFactoryType">queue</parameter>
        <parameter name="transport.jms.ContentType">application/json</parameter>
        <parameter name="transport.jms.SharedSubscription">false</parameter>
        <parameter name="transport.jms.ResetConnectionOnPollingSuspension">false</parameter>
    </parameters>
</inboundEndpoint>
