<?xml version="1.0" encoding="UTF-8"?>
<api context="/sales" name="SendingJsonDataToAJmsQueue" xmlns="http://ws.apache.org/ns/synapse">
    <resource methods="POST">
        <inSequence>
            <property description="out only property" name="OUT_ONLY" scope="default" type="STRING" value="true"/>
            <property description="force sc accepted property" name="FORCE_SC_ACCEPTED" scope="axis2" type="STRING" value="true"/>
            <send>
                <endpoint key="ActiveMQEP"/>
            </send>
        </inSequence>
        <outSequence/>
        <faultSequence/>
    </resource>
</api>
