<?xml version="1.0" encoding="UTF-8"?>
<api context="/custom" name="business-logic" xmlns="http://ws.apache.org/ns/synapse">
    <resource methods="GET">
        <inSequence>
            <property expression="get-property('query.param.url_key')" name="payload" scope="default" type="STRING"/>
            <sequence key="secondaryFlow"/>
            <switch source="get-property('flowValue')">
                <case regex="flowValue_1">
                    <payloadFactory description="Set Response Payload" media-type="text">
                        <format>responsePayload_1</format>
                        <args/>
                    </payloadFactory>
                </case>
                <default>
                    <payloadFactory description="Set Response Payload" media-type="text">
                        <format>responsePayload_2</format>
                        <args/>
                    </payloadFactory>
                </default>
            </switch>
            <respond description="respond"/>
        </inSequence>
        <outSequence/>
        <faultSequence>
            <sequence key="ErrorHandling"/>
        </faultSequence>
    </resource>
</api>
