{
  "$schema" : "http://wso2.org/json-schema/wso2-data-mapper-v5.0.0/schema#",
  "outputType" : "JSON",
  "id" : "http://wso2jsonschema.org",
  "title" : "root",
  "type" : "array",
  "items" : [ {
    "properties" : {
      "firstname" : {
        "id" : "http://wso2jsonschema.org/0/firstname",
        "type" : "string"
      },
      "surname" : {
        "id" : "http://wso2jsonschema.org/0/surname",
        "type" : "string"
      },
      "phone" : {
        "id" : "http://wso2jsonschema.org/0/phone",
        "type" : "string"
      },
      "email" : {
        "id" : "http://wso2jsonschema.org/0/email",
        "type" : "string"
      }
    },
    "id" : "http://wso2jsonschema.org/0",
    "type" : "object"
  } ]
}