<?xml version="1.0" encoding="UTF-8"?>
<api context="/web" name="OAuth2AuthorizationCodeAPI" xmlns="http://ws.apache.org/ns/synapse">
    <resource methods="GET" url-mapping="/loginDone">
        <inSequence>
            <sequence key="search-seq"/>
            <log description="Log query result" level="full"/>
            <respond/>
        </inSequence>
        <outSequence/>
        <faultSequence/>
    </resource>
    <resource methods="GET" protocol="https">
        <inSequence>
            <propertyGroup>
                <property expression="get-property('registry','conf:/oauthConfigs/config.xml')" name="appConfig" scope="default" type="OM"/>
                <property expression="$ctx:appConfig//clientId/text()" name="clientId" scope="default" type="STRING"/>
                <property expression="$ctx:appConfig//clientSecret/text()" name="clientSecret" scope="default" type="STRING"/>
            </propertyGroup>
            <sequence key="token-retrieval-seq"/>
        </inSequence>
        <outSequence>
            <respond/>
        </outSequence>
        <faultSequence/>
    </resource>
</api>
