<?xml version="1.0" encoding="UTF-8"?>
<endpoint name="ActiveMQEP" xmlns="http://ws.apache.org/ns/synapse">
    <address uri="jms:/sales?transport.jms.ConnectionFactoryJNDIName=QueueConnectionFactory&amp;java.naming.factory.initial=org.apache.activemq.jndi.ActiveMQInitialContextFactory&amp;java.naming.provider.url=tcp://localhost:61616&amp;transport.jms.DestinationType=queue">
        <suspendOnFailure>
            <initialDuration>-1</initialDuration>
            <progressionFactor>1.0</progressionFactor>
        </suspendOnFailure>
        <markForSuspension>
            <retriesBeforeSuspension>0</retriesBeforeSuspension>
        </markForSuspension>
    </address>
</endpoint>
