<?xml version="1.0" encoding="UTF-8"?>
<sequence name="search-seq" trace="disable" xmlns="http://ws.apache.org/ns/synapse">
    <propertyGroup>
        <property expression="get-property('registry', 'conf:/oauthConfigs/accessToken')" name="accessToken" scope="default" type="STRING"/>
        <property expression="fn:concat('Bearer ', get-property('accessToken'))" name="authHeaderValue" scope="default" type="STRING"/>
        <property name="ContentType" scope="axis2" type="STRING" value="application/json"/>
    </propertyGroup>
    <header expression="get-property('authHeaderValue')" name="Authorization" scope="transport"/>
    <call>
        <endpoint>
            <http method="get" uri-template="https://api.box.com:443/2.0/search?query=wso2">
                <suspendOnFailure>
                    <initialDuration>-1</initialDuration>
                    <progressionFactor>-1</progressionFactor>
                    <maximumDuration>0</maximumDuration>
                </suspendOnFailure>
                <markForSuspension>
                    <retriesBeforeSuspension>0</retriesBeforeSuspension>
                </markForSuspension>
            </http>
        </endpoint>
    </call>
    <respond/>
</sequence>
